UC-5NdKFz8FSjavDKYZSX6Fg	music-concert	Nando Gil Metal
UC-7EnHFDOBN0gSdUb6gPNAQ	surf	DHD Surf
UC-AdvAxaagE9W2f0webyNUQ	software	HashiCorp
UC-vcoEnO_Q2ybLKT0XEblsA	software	OpenSearch
UC0DAJW9IjtV4lIz7dDVDBFA	arte pintura	SurajFineArts
UC0mJA1lqKjB4Qaaa2PNf0zg	formula 1	Red Bull Motorsports
UC0sQemK7pgX5fYy0k1MFsHg	music-concert	The White Stripes
UC0ssR2R6_54NRc8hT6XeP8w	cars-builds	Factory Five Racing
UC0tPFwjLiRpxSy30ZalTBxw	cars-builds	Joaquin Neuhaus
UC0z3MpVGrpSZzClXrYcZBfw	software	Laur Spilca
UC1-pUZdrBeSXbUE3qDdq8gA	coffee	soydanielwolf
UC17Z1N2IGvcS-RZLlYZbGFA	cars-builds	PowerBuild
UC1vUksRWfEfd6V4pPDIQ0jw	podscast	Shawn Ryan Clips
UC1yX-j5-lkpQSZV6WhHO6Ew	music-concert	Belvedere Band
UC21Kozr_K0yDM-VjoihG9Aw	cars	TheStradman
UC28ZciCEOs5ruffKqyvrcYA	call of duty	Call of Duty: Modern Warfare II - Topic
UC2AvhQhxmgRpM32IYE5qkOA	sail-ish	Wingfoil, Kitefoil & Kitesurf College
UC2FZQeaJkpnO6IMkQglvPsg	cars-builds	Mat Armstrong MK2
UC2NuhydePEy1qlj2j4XWZsA	formula 1	8000vueltas
UC2f6A_-YpOI69mL7-fs4DhQ	sail-ish	Windsurfing.TV
UC2pQT90JBqbMHSVLtbJBvyw	cars-builds	Tyrrell's Classic Workshop
UC33zOh8AwVFcOqlXdwjOs6w	tv - cine	Peter Capusotto y sus Videos
UC3I2GFN_F8WudD_2jUZbojA	music-concert	KEXP
UC3TqK2sSktlk7CmXGpw7_Cg	music-learn	Low End University
UC3aj05GEEyzdOqYM5FLSFeg	software	midulive
UC3gdaplfyzSr2YjHHwxRhPQ	simracing	Heikki360ES
UC3s0BtrBJpwNDaflRSoiieQ	hardware	Hak5
UC3sfhI29cSJVNPO51w0kgkQ	comida	Gluten Morgen Español
UC4Q7GgIQ4kFXnZ3XIBFgUig	rc	Traxxas (RC)
UC4eYXhJI4-7wSWc8UNRwD4A	music-concert	NPR Music
UC4fzrWITdu5tbexGo2yi7Tg	music-concert	Resurrection Fest
UC4i3-yfVazfuqwoz71T79Sw	surf	Surfline
UC4ogdcPcIAOOMJktgBMhQnQ	software	IntelliJ IDEA
UC4zQ7BE8p1o-BgWR0Mwfjtg	cars	Lee Gavin (Rooder scooters)
UC5AMiWqFVFxF1q9Ya1FuZ_Q	software	OktaDev
UC5G6kTnHXDz0WIBC2VGBOqg	formula 1	FIA World Rally Championship
UC5IyH82PqWyf4OGyhXYqwMw	surf	Hatchos Shapes
UC5L7F08tNKynQCKk9bMsoxg	hifi	AUDIOPHILE
UC5OjKlKocpPMdVERm_a0uJQ	software	Víctor Orozco
UC5UAwBUum7CPN5buc-_N1Fw	software	The Linux Experiment
UC5vSteS-tr76TxWTNprC5wg	cars	Tyson The Subaru Specialist
UC6aTLuI_j4-0wiDSzmaPctQ	software	Sam Meech-Ward
UC6hf6OOKkHrZxavOnLSexdg	surf	Motoboard Surfing
UC6mbbnsGPpw76KGZy6dRJLQ	software	Wing Programming Language
UC6oI6250daEMw-3Jr6Egiaw	rc	MST - Max Speed Technology (RC)
UC6pJGaMdx5Ter_8zYbLoRgA	podcast-ar	BLENDER
UC6uX6GF5q2JxLjMkyivM2Og	surf	Nathan Florence
UC766vkQw0Mz3VtXX5XvXxGQ	hardware	Meta VR
UC7c3Kb6jYCRj4JOHHZTxKsQ	software	GitHub
UC7mJ2EDXFomeDIRFu5FtEbA	podcast-ar	OLGA
UC7u-Dg0jb7g9s7XjmtJrtpg	formula 1	Chain Bear
UC7yfnfvEUlXUIfm8rGLwZdA	software	SpringDeveloper
UC8Bs07oG0aAdHyL0m9Icwpg	call of duty	TrollTTV
UC8X9u2OnJfrvjmfZvyzpVcQ	surf	JS Industries
UC8bEqBo6HUYBETZZS2AsMlg	surf	Surf Simply
UC8butISFwT-Wl7EV0hUK0BQ	software	freeCodeCamp.org
UC8k1v9-_0nV7xsIALhUZZtw	surf	Duke Surf
UC8pYaQzbBBXg9GIOHRvTmDQ	formula 1	MotoGP
UC8r_xN6xnUXzQl0btCGLPKQ	simracing	Sambo iRacing
UC8rador8CU-pTJ6p7WNiv6w	formula 1	Goodwood Road & Racing
UC8u3MrdT1BUySJ1U0eWH4VQ	software	Encora Inc
UC98L1AqW263q3ctkpU6CPKw	fights	Travis Stevens (grappling)
UC9GLVDB_Hk1DSlWwbanQMUg	hifi	Marantz
UC9UGYdMSKasjY0mhU1lG4lQ	sports	Nitro Circus
UC9VVUfb8_T2L07M72Loi5cw	surf	Lucca Mesinas TV
UC9YydG57epLqxA9cTzZXSeQ	call of duty	Call of Duty
UC9oom6va1SHZvVOeQfRPP7A	hardware	VITURE
UCA3bsVNKocV1QVwORh_fJpg	tv - cine	Takawishi
UCA7S5M8w5X4P1NRzaJ4lsrg	music-concert	Slayer
UCAKpXGxUYBsJtaPFB9QA5og	cars	Small Bike Stuff
UCAMKTtcWpjjeKJnmWytLfZQ	cars	coches.net
UCAg-s6wxgQRmEBohfuWTEXA	software	Apache Iceberg
UCAlLfZgnLlbSwpp9DSRmdYg	music-concert	Vintage Vinyl Records
UCAvGvvEemkeX8hurdPXr7hA	software	Skills Matter
UCBB5qSIqL2O25flxAOvIwrA	otros	FRANZIS (model kits)
UCBG3pvXhocK7_GjeIx2sUeg	cars	Garaje Hermético
UCBJycsmduvYEL83R_U4JriQ	hardware	Marques Brownlee
UCB_qr75-ydFVKSF9Dmo6izg	formula 1	FORMULA 1
UCBtZQa41m1776SqlJlujGQA	ia	Supermaven
UCBzfdgfIAANfgP3xyhVaEfQ	cars	Marchettino
UCC0WT0xvcSkTPZHH33CyIuw	call of duty	El Penúltimo Triángulo
UCC9bIL_SnOZWw_KgAo8LvzA	surf	Waco Surf TX
UCCBVCTuk6uJrN3iFV_3vurg	conferences	Devoxx
UCCD5qHc1xS49aWZBrF1coEQ	music-concert	DelafaeArte
UCCNZ9zfcszWw_LErqxhuT3g	surf	Surf Strength Coach
UCCTmv6hWoZiRPBtvnL9NBiA	formula 1	Campeonato de Circuíto Turismo Competición
UCCipmT6H8jEOnimVBSx90vQ	music-concert	Melodic Punk Style
UCCl5WAH-B9knA7PNVzYrq6A	rc	KYOSHO CORPORATION (RC)
UCCspJ6mFfCwOV4qFjZWi2wg	hardware	Xiaomi
UCCvCyUpWxd9tVRpgWKhi06A	cars-builds	Martin Gallego
UCDCjRyou_S-8JBKny7egDMg	tv - cine	TopNotch Shorts
UCDE5Ezmxq1bNVak4lmkpCMw	music-concert	Epitaph Records
UCDKVD-3mE4ofD7NzlDJ8HWA	podscast	The Magnificent Others with Billy Corgan
UCDiFRMQWpcp8_KD4vwIVicw	tv - cine	Emergency Awesome
UCDjFvm0KsXW8Ju942gYGlVA	comida	elcholomena
UCDwQS9jigomkBBRh6tV5GRQ	simracing	The Sim Channel
UCEBb1b_L6zDS3xTUrIALZOw	learn	MIT OpenCourseWare (ciencia)
UCEHedscl_q5zwnYEBGvUJCw	news	NOTICIAS OCULTAS X
UCEL_DcAbuwV1Pgux_eSm3HQ	surf	Album Surf
UCELrWeVLazR49umE5qSF3VQ	cars	Top Gear | FULL EPISODES
UCENMWOGAC1sddW2th9A-5bg	surf	Surfer Perú Channel
UCENdrrK5sWM-RV5nTLwBNXw	podscast	The Howard Stern Show
UCEOAENXm3Nm_-PytGiz1UUw	cars	AUTOTECNICATV
UCEQN4c0pVCf8Uj7qTb_qCHQ	coffee	Maquinas Cafe Peru
UCEasz-CeopYchTj-sonoQ9g	sail-ish	F-ONE
UCEbCRO739v3_RDmv6_aw1QQ	cars	Bikes and Beards
UCEeuul0q7C8Zs5C8rc4REFQ	software	CryptoCat
UCF3IPWnwI7rVPrB4QbXSjJw	surf	Suna Surf
UCF8luR7ORJTCwSNA9yZksCw	software	Nx
UCF9cWy6zaWsgdAy-kv2q4VQ	hifi	Audioholics
UCFDQ6UpecozeDE4ZdLjCojg	call of duty	crestongames
UCFYG383lawh9Hrs_DEKTtdg	software	Serverless
UCFw-MIV-rIKZiMYHYy0MsTg	simracing	Fanatec
UCFzZq2WvtLxrsCC8iYD80bA	music-concert	FAT WRECK CHORDS
UCG72WbiCvdB6JKU-3YRP8Kg	cars	Cars & Bids
UCG7dSenlz82p5y_AIdGnz2w	arte pintura	Juan Carreiro
UCG8GZMXiVDTWk8U5PnOmJcw	hifi	Jay's iyagi
UCGovZyy8OfFPNlNV0i1fI1g	software	Temporal
UCGp4UBwpTNegd_4nCpuBcow	software	JetBrains
UCGxLOaA_QnWLhTnf5depKLg	music-concert	From The Basement
UCGzIE8YJh7EQCy2RVetuTlw	surf	Renegade Surf Travel
UCH4BNI0-FOK2dMXoFtViWHw	learn	Be Smart (ciencia)
UCH9zoXlRn8iiaiSmuazAFZw	software	GNOME
UCHC5iMVaLktT9u1OymgkRGg	hardware	AORUS
UCHF66aWLOxBW4l6VkSrS3cQ	music-concert	Coachella
UCI5tGbwiVHy4BsZUXcSWvwQ	music-learn	Chicago Music Exchange
UCIB5XXHNAWWzTOw6guIMYCg	cars	Harry's garage
UCIFk2uvCNcEmZ77g0ESKLcQ	podscast	The Why Files
UCItX-VkdsSovM15dZrHURZg	fights	MMA en Español
UCIy1clT6nZ6zZRuU-zEEbRw	sail-ish	North Kiteboarding
UCIy5GtVvLEiLik0T2bZwm7g	software	Elastic
UCJDZjR55V8KaTuGMkNIx8iw	formula 1	Driver61 en Español
UCJIfeSCssxSC_Dhc5s7woww	podscast	Lex Clips
UCJKk5OdKc8yD1SNdHN0kQUw	comida	Alfredo Vozmediano
UCJVKwvv58Xo3Rt4rF3NiL9w	formula 1	Dakar
UCJYVHccXMzmaYeqDglwtRdA	tv - cine	SensaCine
UCJgRMHrtQpnhKHdsGiFQRyQ	music-learn	GuitarJamz
UCJoxxdEPmXegvzMSywE-L2Q	arte pintura	Adele Sypesteyn
UCJquYOG5EL82sKTfH9aMA9Q	music-learn	Rick Beato
UCKD_-0EgLEybUmD8ThnVK5Q	music-concert	The Bouncing Souls
UCKWaEZ-_VweaEx1j62do_vQ	software	IBM Technology
UCK_kztIv-vT7yPrziDrSMbA	surf	Surf Raw Files
UCK_m2976Yvbx-TyDLw7n1WA	software	MongoDB
UCKbNIx7Fvc3NH7-ijyfunuA	simracing	PODIUM 1 RACING
UCKesfkcJMKC3-EythSLBXBQ	software	Niko Köbler (Keycloak)
UCKo-NbWOxnxBnU41b-AoKeA	surf	SURFER
UCKp7vQYK7dY-WmabNIO8eiw	surf	Mike Raven
UCKrD_GYN3iDpG_uMmADPzJQ	software	Erlang Solutions
UCKu_l-YCU7Zm8JKdAv1cTtg	surf	The Surfboard Guide
UCL6JmiMXKoXS6bpP1D3bk8g	cars	Donut
UCL6JyAMLunlLrHhBj8e7Qcw	simracing	DigiProst
UCL9I2_zr-djMSGeWnohEfjw	sail-ish	JP-Australia
UCLEsipUKnZpQnGDJ1Dpk6wg	call of duty	WhosImmortal
UCLMPXsvSrhNPN3i9h-u8PYg	software	Spring I/O
UCLOMDtSVuVeQJrd0Cq2tGAA	music-concert	NOFX
UCLQ5OInUtC4XWuE1n1SH-fA	surf	Sharpeye International
UCLTsJWhkdV-tveezJAGEwYA	hifi	KlasseTalks
UCLZc32yrTEMxH1ZO-6fKOzA	podscast	The Andrew Schulz
UCLdPicN16eAKPKir8EY1UXQ	surf	Kale Brock
UCLh2odrVbNcL9kkOAod4jjw	surf	Skunk Aversion
UCLmoukITKK7nbqhetQevFeA	skate	Summerboard (e-skate)
UCLpr2MCv1__b1SHBNtzdfnQ	cars	Deus Ex Machina
UCLq8gNoee7oXM7MvTdjyQvA	software	Vercel
UCM7nkBGadxKOa4DAJVFwoWg	surf	Rip Curl
UCMFaZJEX9NTNbY19uYStVCg	music-concert	Goldfinger Music
UCMb0O2CdPBNi-QqPk5T3gsQ	coffee	James Hoffmann
UCMmt12UKW571UWtJAgWkWqg	music-concert	Nice Guys
UCN9FHmKG68xOrY0-c79y9ZA	surf	WSL Brasil
UCNCi1zpz7jth0WpPoZBjKPg	cars	AUTOESCUELA DRIVER COACH
UCNT_lKVYgQabmlhuW5KjICg	surf	CHICAMA BOOK
UCN_zHSNEjWkLz0U-x1gx_Ag	podscast	El Explicador (ciencia)
UCNbBnGyRY_JPspmr6EwPPzA	formula 1	RedExions (karting)
UCNzu8bqNewOuEx2zJ5BGrNw	software	Fantom Factory
UCO8W2FtSrr0jHSD2NJCZr-A	formula 1	Track Day Chutana
UCO909gw1YyDsopln3E3tPgw	fights	montevideoknockout (boxeo)
UCO9icmz6O-RnxzdS8fVVp4w	surf	PerfectSwell Surf Pools
UCOK54HDFMtQemLTj1FIj2fg	sail-ish	Starboard Windsurfing
UCOLWYYpX1A7iKQ3F2YSTFxg	surf	Kelly Slater Wave Co
UCOTko-zmnQTcOxSRdg5_uOQ	ia	Dot CSV Lab
UCOpNcN46UbXVtpKMrmU4Abg	call of duty	Gaming (YouTube)
UCOtHosOqPe9d6vLy-8LfHzQ	surf	NobodySurf
UCP5O_Y-RbtVJUEv4uLP-O8A	music-concert	Turnstile
UCP7h0QUjwocu0EwVxFyZ55g	sail-ish	GetWindsurfing
UCP7uiEZIqci43m22KDl0sNw	software	Kotlin by JetBrains
UCPEcqkRG-kf2Vk6Rn_2WZSQ	simracing	iRacing
UCPWDGLV6TVbg0gjhvv_0M2A	cars	FULL THROTTLE- LONDON
UCPdZNIoucAelteFcdxxSFMw	sail-ish	Ricardo Campello
UCPewHBoTNZmvc57SB7mqu7Q	tv - cine	ACM1PTV OFICIAL
UCPmHSkid9IOYbdN1Psh24lg	software	Tiger Data (TimescaleDB)
UCQMELFlXQL38KPm8kM-4Adg	cars	Jay Leno's Garage
UCQT2g8tSwOdtnp_Je14G5qw	surf	MX Surf
UCQWtkdvSAukxi66FhKqRMOQ	surf	Tormenta Norte
UCQX_MZRCaluNKxkywkLEgfA	podscast	Date un Vlog (ciencia)
UCQmE9qgzRd2eGqJ1Z2ACl5A	hardware	Alienware
UCQnTknlMWttN9GbY-n6JYuw	tv - cine	Guille Aquino
UCQvdU25Eqk3YS9-QnILhKKQ	software	Thoughtworks
UCQyfGKdY451yp8x2yAzXCLQ	formula 1	Motorsport Daily
UCR9120YBAqMfntqgRTKmkjQ	news	A24com
UCRSuBl_3qMMTjwpa18X74kA	music-concert	Atoms For Peace
UCRdAVkiKs-o2PthtYhnh0Yw	formula 1	RSRNurburg & RSRSpa
UCRhADYLTpsb0JA-uaLWovGw	hardware	PCMag
UCRl1lrgpXAMs1AD5GOBntGA	cars-builds	Build Break Repeat
UCS122hR087no5B8PzkQHVig	surf	The Surf Drop
UCSFZzRXwzZgzykjbdh_CQ6Q	surf	Tilegit surf
UCSf6S_PAhXsqGMTPDiKgdRg	software	BettaTech
UCSkDT0ptHTaOVUz6tcK6NlQ	music-learn	Covey The Boston Terrier
UCSsrubE-H29qSN1cGGNUXQQ	surf	Surf Lakes
UCSzr6YCdvxIQ3lndAdS7Eag	tv - cine	Tangalanga Oficial
UCT-nPlVzJI-ccQXlxjSvJmw	software	AWS Developers
UCTHwm6bbIULuDIpoWGc8GpA	tv - cine	Google TV
UCTYHNSWYy4jCSCj1Q1Fq0ew	surf	Billabong
UCTdw38Cw6jcm0atBPA39a0Q	conferences	NDC Conferences
UCTh7LxBX092Ont5OwfLjeAg	call of duty	AlphaSniper97
UCTk2mIac74J-ZWmLvjmXA1w	surf	Kandui Resort
UCTmXm9isKd88-tc3_vuRieQ	cars	Ed Gasket
UCTvplgmkP0UUUb9eIjH8KPQ	surf	OlasPeru TV
UCU3gQGhk0lYK-fKOR0sopgg	cars-builds	CarsandCameras
UCUBj_5pwQZaoXfBrEQQbADw	podscast	Chase Hughes
UCUMN6pe3hwUaQmZm7jclPVw	rc	Joyplanes RC
UCUhFaUpnq31m6TNX2VKVSVA	cars	carwow
UCUjrDJokSX8JavRwy5iUOkA	tv - cine	Franco Escamilla
UCUlQ5VoIzE_kFbYjzUwHTKA	software	Auth0
UCUrYBZGlEOSD1_ds_HcNd6A	hardware	Xataka
UCVCq-J5PKgpFxpaQZVGdPFA	podscast	Danny Goler
UCVGOyzms_XJNk_DHqrffXCw	hardware	Windows
UCVXDJFjHdlfqdTNG5WVUXAQ	surf	Soul Surfing
UCVeW9qkBjo3zosnqUbG7CFw	software	John Hammond
UCVqOqnZWdnEkF75C-27ApnQ	skate	SmoothStarSurf
UCW6CAyQH4YpNv-P_RZwbZ2Q	rc	Autos RC Perú
UCWSsHdxrwVLlOSdPJ44y9sw	sports	DSports (fútbol)
UCWh3G9LZmZ3q_xWOyPpn8ag	software	Twilio
UCWu69ik-sF104TILL8cl46Q	software	Robin Moffatt
UCWyxyELE6REiFPx2Oah26-Q	software	Buoyant
UCX9NJ471o7Wie1DQe94RVIg	software	Fazt
UCXAQspQEnfpPOr6XZtzuzIA	call of duty	Kesto
UCXInrtBw25kOByjq-hfWf3w	tv - cine	Tus análisis de cine
UCXbflr4oJPza9EVKF6vBIeA	call of duty	Top Call of Duty Plays
UCXuqSBlHAE6Xw-yeJA0Tunw	hardware	Linus Tech Tips
UCY4mKvyac36tWa5pa9gsjjQ	surf	Leo Gualtieri OlasyVientos TV
UCYCwgQAMm9sTJv0rgwQLCxw	software	Grafana
UCYImYQeMjV4F2yrHuyev6EQ	fights	Fanmio (boxeo/MMA)
UCYWhRC3xtD_acDIZdr53huA	rc	TheRcSaylors
UCYeDPubBiFCZXIOgGYoyADw	software	Thorben Janssen
UCYg157Qy_U7ZR1WUHTq0Q8Q	software	Containers from the Couch
UCYg7sAr5LW7yQX6EPYAVEag	surf	Mis Olas
UCYtQ4ZEAfI440bu67knFBJQ	comida	A comer
UCYvc1PUeF2L_PvQSPLzQdWQ	hardware	VrPatch
UCZ1CeY2jJOgdmZv3_bpn5Ng	music-concert	Boardroom Heroes
UCZ1JIs011sOVrOwXK3RkMNg	cars-builds	VINTAGE SPEED
UCZ1Sc5xjWpUnp_o_lUTkvgQ	cars	The Grand Tour
UCZ2eIJY0phalm_MG38kE26A	formula 1	Misha Charoudin
UCZACU3e7Zl2xZhHLQzBgFSw	surf	Firewire Surfboards
UCZFOUoAjhKRZwOVcd0zlcmA	formula 1	Fierro a Fondo
UCZU86cQ3D96DKkTf9B0GG_A	music-concert	Kye Smith
UCZhixj2QS9WzrluwSc9iCzA	surf	ISAsurfing
UCZo1ciR8pZvdD3Wxp9aSNhQ	ia	PromptQL
UCZzQ9gNE0vjjlZVHn95QRuQ	cars-builds	Mark McCann
UC_4Zj_iOHJkCS_Ivyx4Blrw	hardware	YAMANAKA SYUJIRO
UC_7j-gR3Mi1rejo6iS7V4Ug	rc	Dronepedia (RC)
UC_F4Iy5korq2mEWZDQhG07w	surf	Koa Rothman
UC_HY8uMjcnTcT8z1Nq7n7YA	hifi	GURU AUDIO
UC_mmaVYaFmlfdxuKb6U69Yw	cars	Speeed
UC_pdgGV0XBUaF--L7g-dgAQ	cars	2varish
UC_x5XG1OV2P6uZZ5FSM9Ttw	software	Google for Developers
UCa6r2NjMzJeCPmfofenyl7Q	surf	Son of Cobra
UCa6xsp7d4s-NgpPUGc57ZGA	cars	Fifth Gear
UCaH3HAq1O9rJvTUn0mlVVkw	fights	Alberto Barberá (artes marciales)
UCaNih6sKuJ9DIMjTEW1EAlQ	software	Gatling Corp
UCaPX53JLxxSbwZz_Ra_cL0g	software	DigitalOcean
UCaVPhFg-Ax873wvhbNitsrQ	podscast	El Robot de Platón (ciencia)
UCaW8QG_QoIk_FnjLgr5eOqg	software	Quarkusio
UCaf2W7hy6haZ0DRiKT7V_Nw	music-concert	mutepunkrock
UCajiMK_CY9icRhLepS8_3ug	software	Alex Ziskind
UCaxW6r282iWvzJmr3BwGc-A	formula 1	Auto Addiction
UCbBJpC3iqz1Pv_ghkMUXMmg	sail-ish	TWS Tenerife Windsurf Solution
UCbLq9tsbo8peV22VxbDAfXA	hardware	GSMArena Official
UCbQXizTdAX8F_iHDP-rRyLQ	surf	BSR Cable Park
UCba1vMvOHWlMddLARS382Zw	podscast	Hablando Huevadas
UCba3hpU7EFBSk817y9qZkiA	news	LA NACION
UCbl4nt0nwrLFkaPYOwoAoUg	call of duty	Picteon
UCblfuW_4rakIf2h6aqANefA	sports	Red Bull
UCc98QQw1D-y38wg6mO3w4MQ	software	Dan Vega
UCcJL2ld6kxy_nuV1u7PVQ0g	call of duty	DrDisRespect
UCcLYOTz3ct6_lk9iLToxxAw	cars-builds	Mat Armstrong
UCcVH6sVIOOEgvKadeMwBY-g	sail-ish	Ozone Kites
UCciYTtxSz41uE6BhVDb6Rbg	sail-ish	Yourbestsail (vela)
UCcpArg0eZs6FlhlCALfXFxA	simracing	Inside Sim Racing
UCcptuSofRxUfrdOBjN21wLA	news	Tío Liberal
UCcqSlsqfMpcxJgu8SCq-4Fg	hifi	Area HiFi
UCd6MoB9NC6uYN2grvUNT-Zg	software	Amazon Web Services
UCd6lLlwE951ZuisSL93NlxA	software	OpenSpec
UCd8iY-kEHtaB8qt8MH--zGw	cars	Ferrari
UCdApntgLR64Vo5lzzPY3_xA	surf	surfaholics
UCddiUEpeqJcYeBxX1IVBKvQ	hardware	The Verge
UCduf5_5FnIptzDMBJ75ttFQ	tv - cine	Suavexavier
UCdwPdZf0DHYkOD0gEKWnY5w	news	Charly Torà el Navegante Celeste
UCe4I8Q1Nvj3wB_zWpAcVspg	hardware	Dell Support
UCe9pA-msbUytSFXwq2r1AfA	arte pintura	Olga Soby
UCeFT63uWUy8_ZWBPw-agX9g	coffee	flat&white
UCefl-5pmhZmljwZTE2KrcdA	cars	VINwiki
UCekZraXDMtB3WF_aHl4cWbw	tv - cine	Sebastian Presta
UCeo9VHZ09CQ6rI9v4Gl5JuQ	music-concert	Greyson Nekrutman
UCf5CA0OsvhhU-6AcSjT1oKQ	surf	BEEFS T.V.
UCfKuM947IIGZovwsUNUMG6w	music-concert	HellSmellStudio
UCfLTaP7dww1M8Vr5DKzzRZA	tv - cine	Gaspi
UCfM7kji-cDJ04meeq-_1Sig	music-concert	[MusicPack]
UCfknJn7W2MRC25I0b5nHdDw	tv - cine	Ezequiel Campa
UCg3X6eza9b96Ucz-ZQf4vhA	surf	Drone Surf Perú
UCgFvItq1VORassvP2r3ntXw	arte pintura	José Cardusu
UCgPClNr5VSYC3syrDUIlzLw	tv - cine	Adult Swim
UCgaSOa5qTpPIq-hR8vRRy5A	sail-ish	MACkiteboarding
UCgbsGKOtkoBE76k0pd3I8BA	call of duty	Call of Duty: Warzone - Topic
UCgfKj2_ht3opycBXYuJZomw	formula 1	Motorsport Com
UCgkp4-zSAZg5Y7ZjfdGA9lA	surf	JacuzziSurfer
UCgsALAtql70At4i3Z2miAmA	music-concert	Satanic Surfers
UCgyqtNWZmIxTx3b6OxTSALw	hardware	Android Authority
UChF-vdGWy48QNsa_gYDOEeA	music-concert	Canvas
UChXlANT9e_I2nEeasUUG7rA	hifi	Fernando Meza: Audiofilia y +
UChbHLwOKQWXqVn5ukHsF2BA	arte pintura	Karella Agurto
UChiwLDIBJrV5SxqdixMHmQA	cars	DRIVETRIBE
UChuLeaTGRcfzo0UjL-2qSbQ	surf	World Surf League
UCi-1nnN0eC9nRleXdZA6ncg	software	Kubesimplify
UCiJEbgvWU-qN9L_qat3VQpQ	cars-builds	Mark McCann Mk2
UCiWTRcls77dL9YHCrpE09wQ	surf	SURFING VISIONS
UCiWhj1uqoi_Sv6EuVEiz7qA	hifi	Francisco del Pozo
UCiawbIkL2OiIeh3KiUhcBjg	surf	Milano Surfboards
UCijNwA5luv32EnLuHK85kTw	coffee	Santo Amaro
UCijabpwYfw37nQBda_cmmlw	hifi	Magnat
UCj-bpqK-bmj8b5SVBgkwBLA	music-concert	buenos muchachos
UCj6PcyLvpnIRT_2W_mwa9Aw	news	Todo Noticias
UCj7xZCkZEtzo3VWiAIdl4OA	surf	Coco Fernandez Surf Coach
UCjBp_7RuDBUYbd1LegWEJ8g	call of duty	XBOX
UCjHsfa4XZ-4UONo_r_2O7rw	call of duty	sm²
UCjOl2AUblVmg2rA_cRgZkFg	cars	Top Gear
UCjTqf0nLAyb1ZjHhsE7I4Yg	skate	Freebord
UCjcceQmjS4DKBW_J_1UANow	software	Coffee + Software
UCjiKeMRx229zQr6j8tGP5tw	music-learn	Red lion Recording Studio
UCjqDr-twV-kqnbDJ1k6Bqnw	arte pintura	Art Documentaries
UCk-ktxf1R0gKi9OdxV2IoqA	hifi	Rotel HiFi
UCk4mCvmZcXB4DqlcVpI2hpg	call of duty	Soki
UCkUWS0Scj5vDVF1q9kodbuA	music-concert	Descendents
UCkUy4HY5Ia9eJn_wz4KFw9g	surf	magicseaweed
UCkWjzVi5ivLbwe7tCWPe72A	surf	Corzo Surf
UCklUGqDiqiIak4PWh-qbhxQ	formula 1	Albert Fabrega
UCkm5ovgOWYV9L15Rf0H2Wug	music-concert	Bad Religion
UCkr6cLAnZiz5NH0NzjNK8rg	hifi	cheapaudioman
UClJxl74CfItE_jM2TgRCXcg	surf	Dan Harmon
UClN3KUNzh4r4rAJcUC7_ueA	surf	DB Films
UClQXgw3kimH5rb1AYqnPXQA	rc	Traxxas Racing (RC)
UClTDogLGNB4vl9b9mGe0XRA	cars	Discovery Turbo Latinoamérica
UClaNUpRMzr73MrrKDX_WTcA	software	T3chFest
UCln8MEeAZCNDXBQPq_0THUw	sail-ish	DUOTONE Kiteboarding
UClqhvGmHcvWL9w3R48t9QXQ	cars	Engineering Explained
UClsXGNclzg8AU58vQQFlTdw	cars-builds	RorroStunt
UClywNttOGGvsIF23vwKWy2A	sail-ish	René Egli Fuerteventura
UCmRtPmgnQ04CMUpSUqPfhxQ	software	Java
UCmTK4CrCaDXpuZ-Evl5-b5Q	software	Confluent Developer
UCmZz-Gj3caLLzEWBtbYUXaA	software	Confluent
UCmgqhLNjk9_D6fYhX8B4_JQ	surf	Surf Rec Sessions
UCmzukSYVUFCP1wL0_ETTsLg	music-concert	SKATEPUNKERS.TV
UCmzxts0YGES5tN-oJ9abTQg	surf	Kai Lenny
UCnDg0M0gmC9Lx599w36JeoA	surf	Boardshop
UCnGcjQlLO8x7jsfw3r6U9ww	music-concert	Smashing Pumpkins
UCnR5jPCzRBFyOiLzD5Sq5dA	cars-builds	angel_gaitan_oficial
UCnjgxChqYYnyoqO4k_Q1d6Q	podscast	The Diary Of A CEO Clips
UCnr7fLmlMAcT-4fWOwtaDbg	hifi	Bowers & Wilkins
UCo-yQhAKie0WCV7-E-z9Mog	software	Codist
UCoEZ9FaZKS0iKbJeI5A_Vhg	hifi	Vivir Digital
UCoFNmC3D3BfItO-HUzTOyuA	surf	Aaron Lynton
UCoV2Qw0sL-ApYQ62k-88K1w	cars-builds	DIY Garage
UCo_q6aOlvPH7M-j_XGWVgXg	surf	Jamie O'Brien
UCoicMEw3njXscfwHlaAJVcQ	surf	Surfing With Noz
UCojnSxOOiJVo8KDZ2P_hZRg	hardware	Miguel Angel Racero
UCop-oxKVfX6ErQIct2FRKhg	tv - cine	EL BANANERO OFICIAL
UCp79X2KtRIaGjiXshWTHRQA	surf	Sharp Eye Surfboards
UCpRUSBcRWUQZIj3_jWF19Dg	music-concert	BeastieBoys
UCpZNdWZwQD0fUwsujkJLFRQ	hifi	Studio 22
UCq19-LqvG35A-30oyAiPiqA	music-concert	Radiohead
UCqE3IQPWUDA9PZGaT6BDAKw	cars-builds	Gears and Gasoline
UCqHujrK1xiB7keJnX1yiG5w	surf	SURFCOMPANIONS
UCqJ_3TV2ZWenacXftT9KSEg	hardware	Bigscreen
UCqfCJBfrFSO4tZM1LNZTBFQ	sports	Claro Sports (fútbol)
UCqhnX4jA0A5paNd1v-zEysw	hardware	GoPro
UCqhnoMXZyLNP3kfUdkd_Teg	surf	Haydenshapes Surfboards
UCqs6MTeF1sbZeuYrWbnJx2w	formula 1	CLTV Deportes
UCqxBNDHmEZgqU1B61oc-QhQ	tv - cine	DGO STREAM
UCrJ7LFD3Kksdzgb4G0zfISQ	hifi	What Hi-Fi?
UCrJ_F4-kN2cjENAVnEcVY7w	music-concert	Atlas Losing Grip
UCrbeF1wSJOxFnxImM2JRc1Q	cars-builds	V8stealthbeetle
UCsG5dkqFUHZO6eY9uOzQqow	surf	Stab
UCsTcErHg8oDvUnTzoqsYeNw	hardware	Unbox Therapy
UCsXYYt9hmwvaIl6v73JHKWw	surf	Brad Jacobson
UCs_tLP3AiwYKwdUHpltJPuA	conferences	GOTO Conferences
UCskD50ri3723Tk1SkS-qAIA	music-concert	El Estepario Siberiano
UCsqjHFMB_JYTaEnf_vmTNqg	cars	Doug DeMuro
UCsvqVGtbbyHaMoevxPAq9Fg	software	Simplilearn
UCt34bjl4WjTL_yE2McJ1tZw	rc	RC Pro Granada
UCtLZ6qQgB-EwQy5HWIo3X-w	formula 1	Nico Rosberg
UCtTN3cQJNgP23XKj5AS-RfA	cars	Vanguard Motor Sales
UCtbLA0YM6EpwUQhFUyPQU9Q	formula 1	Driver61
UCtd5EmX8sfaZAI0nmnDg6GA	rc	HPI Racing (RC)
UCtjXVqMVzBIgU0SO8AV0vPg	music-concert	Too Many Zooz
UCuGnAe86FcP2VaMdBppkMGA	news	El Observador
UCuIx8HQXrtYxplMAdWfNeoA	music-learn	School of Punk
UCuLanHCcOIhxeGiRVdWbSzg	call of duty	El Último Círculo
UCuMV5Kp8AxsUOJGcrzBKL3A	rc	XtremScaleRc
UCugd5Q3S9kwkn0B2WxtHj9w	tv - cine	Prestico
UCuxpxCCevIlF-k-K5YU8XPA	cars	Scotty Kilmer
UCv9EAN6Nw_Q6zC7jndjKc2A	hifi	Margules Group
UCvAhDxNNUDhi78tMXVGBUaQ	cars-builds	Tavarish
UCvCTWHCbBC0b9UIeLeNs8ug	podscast	Vorterix
UCvDBqH87XVRQ31nz0JXLPGg	music-concert	RiseAgainst
UCvEq9e3q3yb-qXge2ALgzCA	cars-builds	Jack Builds It
UCvGyIwwZJAmA7AjO9DEQt6Q	formula 1	PeroniRace
UCvXeTKjyRrg88woCAa8NOFA	podscast	JOEPEDIA
UCvfquOBFwJT11953JVj2D3A	podscast	Radio Garka Oficial
UCvgfXK4nTYKudb0rFR6noLA	fights	UFC
UCvhqbGaqExxPOEbBE_MO5XA	skate	WATERBORNE SKATEBOARDS
UCvkdpLN1agXoiRWEWTtXqjw	tv - cine	TopNotch Idiots
UCvkl2BT--bsvFJLjLOh60qw	cars-builds	Go Power Sports
UCvuukuDwsTkpII4OjeDZ8FQ	surf	Stoked For Travel
UCw0N2zPZlYsrUcVIJkI6mBA	cars	Subaru
UCw3dGEjcn1rRUcbQIRuCEug	hifi	Suena Tremendo
UCw7Bz6EHxlnOoBUBlJZCWCw	tv - cine	Te lo resumo
UCwKq447rYMVI5dAQWMmFnfg	formula 1	DTM
UCwU_XmppMy9R9k4YJET7R6w	surf	Brett Barley
UCwn0jaGbgMkYioOWBzMog1Q	cars	Gumbal
UCwuQnDJ6U6uakgMjzyolVtg	surf	Softech Softboards
UCxQKHvKbmSzGMvUrVtJYnUA	software	Learn Linux TV
UCxS2lX7728bTnmK1t21bYlA	bmx	Scotty Cranmer (BMX)
UCxnPI7Wsxw0G3EuW6YfwWYw	cars	Repairman22
UCxpbaAGBv4zrRJx_AjGdVLA	cars	BigTime
UCxw47aS8YVz-lIGc7ld_d7g	software	Age of Product
UCxxP2dUR3grugJP7wjM8zrA	tv - cine	Roberto Moldavsky
UCy-IytMjnUY6_bAxD7yuZ-w	cars-builds	Wesley Kagan
UCy1F61QvUUQXAXi2Voa_fUw	formula 1	NTT INDYCAR SERIES
UCy1hRH78K-J3Jikk9QtBacw	news	TiranosTembladTV
UCy6gt7XvGJ3AGpSon2pS4nQ	software	NGINX
UCyBTS-bhNJV1W5a9yR0zSEQ	arte pintura	Art by Swarez
UCyT8U1-9IhEiWySFrIB0Xsw	surf	Surfer Films
UCyU5wkjgQYGRB0hIHMwm2Sg	software	Syntax
UCyaJ8RGS54MW1JbBI-NA6rw	bmx	STRONG B M X
UCykTiaMobl2EWW28zmjcznQ	podscast	Dr. Carlos Jaramillo
UCyl2DNBxmjkzVrd1Nhqluug	news	Oliver Ibáñez
UCymDaM85CeFPKFuGNYFA62A	sail-ish	The OK Kiteboarder
UCyvCVzMcoAcFBfN1sVTNH9Q	tv - cine	TopNotch Gang
UCz33FiD6InR0xiR1ZauN4GA	hifi	VTA TV
UCz489cQmrgH57sShDiatwfw	news	El Peluca Milei
UCzBwlxTswRy7rC-utpXOQVA	rc	RCDriver_Online
UCzQKrTuXMy9PYsGdokvNMUA	cars	Millionaire Garage
UCzQUP1qoWDoEbmsQxvdjxgQ	podscast	PowerfulJRE
UCzcQOTuXYGuCvTekySb_CeQ	surf	Surfers of Bali
UCzkbmbKaQhQTXyPmBGNaZ7A	music-concert	THE PAN ROCKERS
UCzpxlnqnNpaN4qgO742bt5Q	formula 1	Motorsport TV
UCzrRfXB0rQJUVpt-Q45PcuA	software	Cloud Native Buildpacks
